/*
SQLyog Enterprise v12.4.1 (64 bit)
MySQL - 5.7.24 : Database - apriori
*********************************************************************
*/

/*!40101 SET NAMES utf8 */;

/*!40101 SET SQL_MODE=''*/;

/*!40014 SET @OLD_UNIQUE_CHECKS=@@UNIQUE_CHECKS, UNIQUE_CHECKS=0 */;
/*!40014 SET @OLD_FOREIGN_KEY_CHECKS=@@FOREIGN_KEY_CHECKS, FOREIGN_KEY_CHECKS=0 */;
/*!40101 SET @OLD_SQL_MODE=@@SQL_MODE, SQL_MODE='NO_AUTO_VALUE_ON_ZERO' */;
/*!40111 SET @OLD_SQL_NOTES=@@SQL_NOTES, SQL_NOTES=0 */;
CREATE DATABASE /*!32312 IF NOT EXISTS*/`apriori` /*!40100 DEFAULT CHARACTER SET latin1 */;

USE `apriori`;

/*Table structure for table `barang` */

DROP TABLE IF EXISTS `barang`;

CREATE TABLE `barang` (
  `id_barang` int(7) NOT NULL AUTO_INCREMENT,
  `nama_barang` varchar(20) NOT NULL,
  `unit` varchar(5) NOT NULL,
  `harga` int(25) NOT NULL,
  PRIMARY KEY (`id_barang`)
) ENGINE=InnoDB AUTO_INCREMENT=1190 DEFAULT CHARSET=latin1;

/*Data for the table `barang` */

insert  into `barang`(`id_barang`,`nama_barang`,`unit`,`harga`) values 
(1001,'CUTTER REFILL L-150 ','TUB',4311),
(1002,'CUTTER REFILL A-100 ','LSN',25000),
(1006,'KERTAS FC NATURAL A4','RIM',33000),
(1007,'KERTAS FC NATURAL F4','RIM',37000),
(1008,'REFILL BOLP SNOWMAN ','LSN',7667),
(1009,'BUKU SIDU TULIS 38 L','PAK',22500),
(1010,'ISOLASI DOUBLE TAPE ','ROL',1200),
(1011,'ISOLASI DOUBLE TAPE ','ROL',1800),
(1013,'LEM CAIR X-LIME 112','PCS',1458),
(1017,'SPIDOL SNOWMAN PW-1 ','PCS',875),
(1018,'SPIDOL SNOWMAN PW-2','PCS',875),
(1019,'PENSIL 2B HANDY','LSN',8500),
(1020,'TINTA STEMPEL ZENITH','PCS',2209),
(1023,'MASKING TAPE 1\" NACH','ROL',3500),
(1024,'AMPLOP GAJI (I PAK 1','PAK',6000),
(1025,'JUMBO BAG','PCS',35000),
(1026,'ODNER FORTE ENDUROX','PCS',12500),
(1028,'BOLP STANDARD AE7 FI','LSN',14375),
(1031,'AMPLOP 90 PAPERLINE','DUS',15500),
(1032,'SPIDOL SNOWMAN PW-1 ','PCS',868),
(1033,'TIP EX','PCS',3943),
(1034,'ERASER DEBOZZ DB40-1','PAK',375),
(1035,'LAMINATING KTP HOMBO','PAK',25000),
(1036,'REFILL BOLP SNOWMAN ','LSN',7667),
(1038,'BINDER CLIPS 105','LSN',2167),
(1041,'PENGGARIS 30 CM BUTT','LSN',1834),
(1043,'POST IT SYP-016-018','PCS',3500),
(1047,'BUKU BATIK K/100LBR','PCS',7000),
(1048,'BUKU BATIK F/100LBR','PCS',13000),
(1049,'ISI PENSIL MEKANIK P','LSN',30999),
(1052,'STOPMAP BIOLA COL 50','PCS',1160),
(1055,'CLIP ATOM NO 3','PCS',2200),
(1057,'SNOWMAN MARKER PERMA','PCS',4875),
(1060,'SNOWMAN WB BG-12 HIT','PCS',5834),
(1063,'BUSINESS FILE/MAP DU','PCS',1667),
(1069,'REFILL BOLP SNOWMAN ','LSN',3854),
(1070,'BOLP BP 7 HITAM','LSN',16250),
(1072,'TINTA G12 HITAM SNOW','PCS',7917),
(1078,'BUKU CENTRAL 38 LBR','PAK',21000),
(1080,'T6642 CYAN EPSON','PCS',80000),
(1088,'STAPLER KENKO HD-10','PCS',15000),
(1090,'SNOWMAN WHITE BESAR ','PCS',11084),
(1093,'GLUE STICK V-TRO 10 ','PCS',1500),
(1094,'SDI PENCIL SHARPENER','PCS',3000),
(1096,'ODNER 1/2 FOLIO BENE','PCS',11500),
(1099,'AMPLOP 110 PAPERLINE','PAK',18900),
(1107,'SNOWMAN WHITE KECIL ','PCS',12000),
(1112,'GREAT WALL BESAR','PAK',24500),
(1113,'TINTA SNOWMAN WHITE ','PCS',12500),
(1114,'BOLP SNOWMAN V-5','LSN',26000),
(1118,'KERTAS FAX OJI 210X3','ROL',17500),
(1124,'REFILL BOLP SNOWMAN ','LSN',7667),
(1125,'CORRECTION TAPE DB-C','PCS',5000),
(1138,'STABILO FABER CASTLE','PCS',6750),
(1144,'STABILO FABER CASTLE','PCS',6750),
(1145,'PENGHAPUS HITAM FABE','PCS',1975),
(1153,'KERTAS STICKER F4 ( ','PAK',55000),
(1157,'SNOWMAN WB BG-12 BIR','PCS',5834),
(1158,'SNOWMAN WB BG-12 MER','PCS',5834),
(1159,'AMPLOP SAMSON FOLIO','PAK',28000),
(1165,'CORRECTION TAPE MONT','PCS',3750),
(1170,'BINDER CLIPS 111','LSN',3750),
(1177,'PENSIL MEKANIK KENKO','PCS',2167),
(1178,'BUKU GAMBAR A4 ODDO','PCS',1750),
(1179,'BUKU GAMBAR DODO A3','PAK',36999),
(1189,'PAPAN WHITE BOARD 30','PCS',15000);

/*Table structure for table `itemset` */

DROP TABLE IF EXISTS `itemset`;

CREATE TABLE `itemset` (
  `id` int(11) NOT NULL AUTO_INCREMENT,
  `no_inv` varchar(100) DEFAULT NULL,
  `items` text,
  `nama_barang` text,
  `created` timestamp NULL DEFAULT CURRENT_TIMESTAMP,
  PRIMARY KEY (`id`)
) ENGINE=InnoDB AUTO_INCREMENT=676 DEFAULT CHARSET=latin1;

/*Data for the table `itemset` */

insert  into `itemset`(`id`,`no_inv`,`items`,`nama_barang`,`created`) values 
(541,'1000','1017, 1018, 1001, 1002','SPIDOL SNOWMAN PW-1 , SPIDOL SNOWMAN PW-2, CUTTER REFILL L-150 , CUTTER REFILL A-100 ','2020-03-20 10:34:09'),
(542,'1001','1023, 1024, 1020, 1019, 1017, 1018, 1010, 1008, 1009','MASKING TAPE 1\" NACH, AMPLOP GAJI (I PAK 1, TINTA STEMPEL ZENITH, PENSIL 2B HANDY, SPIDOL SNOWMAN PW-1 , SPIDOL SNOWMAN PW-2, ISOLASI DOUBLE TAPE , REFILL BOLP SNOWMAN , BUKU SIDU TULIS 38 L','2020-03-20 10:34:09'),
(543,'1002','1025','JUMBO BAG','2020-03-20 10:34:09'),
(544,'1003','1017, 1010, 1008, 1006, 1034, 1031, 1033, 1026, 1028','SPIDOL SNOWMAN PW-1 , ISOLASI DOUBLE TAPE , REFILL BOLP SNOWMAN , KERTAS FC NATURAL A4, ERASER DEBOZZ DB40-1, AMPLOP 90 PAPERLINE, TIP EX, ODNER FORTE ENDUROX, BOLP STANDARD AE7 FI','2020-03-20 10:34:09'),
(545,'1004','1007, 1006, 1043, 1038','KERTAS FC NATURAL F4, KERTAS FC NATURAL A4, POST IT SYP-016-018, BINDER CLIPS 105','2020-03-20 10:34:09'),
(546,'1005','1023, 1007, 1006, 1041, 1036','MASKING TAPE 1\" NACH, KERTAS FC NATURAL F4, KERTAS FC NATURAL A4, PENGGARIS 30 CM BUTT, REFILL BOLP SNOWMAN ','2020-03-20 10:34:09'),
(547,'1006','1025','JUMBO BAG','2020-03-20 10:34:09'),
(548,'1007','1006','KERTAS FC NATURAL A4','2020-03-20 10:34:09'),
(549,'1008','1048, 1047, 1033','BUKU BATIK F/100LBR, BUKU BATIK K/100LBR, TIP EX','2020-03-20 10:34:09'),
(550,'1009','1023, 1011, 1008, 1007, 1006, 1049','MASKING TAPE 1\" NACH, ISOLASI DOUBLE TAPE , REFILL BOLP SNOWMAN , KERTAS FC NATURAL F4, KERTAS FC NATURAL A4, ISI PENSIL MEKANIK P','2020-03-20 10:34:09'),
(551,'1010','1001','CUTTER REFILL L-150 ','2020-03-20 10:34:09'),
(552,'1011','1006','KERTAS FC NATURAL A4','2020-03-20 10:34:09'),
(553,'1012','1006','KERTAS FC NATURAL A4','2020-03-20 10:34:09'),
(554,'1013','1006, 1026','KERTAS FC NATURAL A4, ODNER FORTE ENDUROX','2020-03-20 10:34:09'),
(555,'1014','1007, 1006, 1001, 1052, 1038','KERTAS FC NATURAL F4, KERTAS FC NATURAL A4, CUTTER REFILL L-150 , STOPMAP BIOLA COL 50, BINDER CLIPS 105','2020-03-20 10:34:09'),
(556,'1015','1006, 1052, 1055, 1057, 1043','KERTAS FC NATURAL A4, STOPMAP BIOLA COL 50, CLIP ATOM NO 3, SNOWMAN MARKER PERMA, POST IT SYP-016-018','2020-03-20 10:34:09'),
(557,'1016','1006','KERTAS FC NATURAL A4','2020-03-20 10:34:09'),
(558,'1017','1001','CUTTER REFILL L-150 ','2020-03-20 10:34:09'),
(559,'1018','1023, 1019, 1017, 1018, 1008, 1006, 1057, 1049, 1036, 1032','MASKING TAPE 1\" NACH, PENSIL 2B HANDY, SPIDOL SNOWMAN PW-1 , SPIDOL SNOWMAN PW-2, REFILL BOLP SNOWMAN , KERTAS FC NATURAL A4, SNOWMAN MARKER PERMA, ISI PENSIL MEKANIK P, REFILL BOLP SNOWMAN , SPIDOL SNOWMAN PW-1 ','2020-03-20 10:34:09'),
(560,'1019','1008, 1001, 1057, 1070, 1069','REFILL BOLP SNOWMAN , CUTTER REFILL L-150 , SNOWMAN MARKER PERMA, BOLP BP 7 HITAM, REFILL BOLP SNOWMAN ','2020-03-20 10:34:09'),
(561,'1020','1006','KERTAS FC NATURAL A4','2020-03-20 10:34:09'),
(562,'1021','1023, 1024, 1024, 1018, 1019, 1017, 1011, 1008, 1009, 1006, 1060, 1047, 1036, 1033, 1026, 1072, 1063','MASKING TAPE 1\" NACH, AMPLOP GAJI (I PAK 1, AMPLOP GAJI (I PAK 1, SPIDOL SNOWMAN PW-2, PENSIL 2B HANDY, SPIDOL SNOWMAN PW-1 , ISOLASI DOUBLE TAPE , REFILL BOLP SNOWMAN , BUKU SIDU TULIS 38 L, KERTAS FC NATURAL A4, SNOWMAN WB BG-12 HIT, BUKU BATIK K/100LBR, REFILL BOLP SNOWMAN , TIP EX, ODNER FORTE ENDUROX, TINTA G12 HITAM SNOW, BUSINESS FILE/MAP DU','2020-03-20 10:34:09'),
(563,'1022','1006','KERTAS FC NATURAL A4','2020-03-20 10:34:09'),
(564,'1023','1011, 1008, 1007, 1006, 1048, 1049, 1031','ISOLASI DOUBLE TAPE , REFILL BOLP SNOWMAN , KERTAS FC NATURAL F4, KERTAS FC NATURAL A4, BUKU BATIK F/100LBR, ISI PENSIL MEKANIK P, AMPLOP 90 PAPERLINE','2020-03-20 10:34:09'),
(565,'1024','1006, 1080','KERTAS FC NATURAL A4, T6642 CYAN EPSON','2020-03-20 10:34:09'),
(566,'1025','1019, 1009, 1028, 1078','PENSIL 2B HANDY, BUKU SIDU TULIS 38 L, BOLP STANDARD AE7 FI, BUKU CENTRAL 38 LBR','2020-03-20 10:34:09'),
(567,'1026','1007','KERTAS FC NATURAL F4','2020-03-20 10:34:09'),
(568,'1027','1001, 1001, 1026, 1090','CUTTER REFILL L-150 , CUTTER REFILL L-150 , ODNER FORTE ENDUROX, SNOWMAN WHITE BESAR ','2020-03-20 10:34:09'),
(569,'1029','1009','BUKU SIDU TULIS 38 L','2020-03-20 10:34:09'),
(570,'1030','1024, 1048, 1088, 1063','AMPLOP GAJI (I PAK 1, BUKU BATIK F/100LBR, STAPLER KENKO HD-10, BUSINESS FILE/MAP DU','2020-03-20 10:34:09'),
(571,'1031','1023, 1024, 1018, 1019, 1017, 1011, 1008, 1009, 1006, 1057, 1048, 1047, 1036, 1033, 1072','MASKING TAPE 1\" NACH, AMPLOP GAJI (I PAK 1, SPIDOL SNOWMAN PW-2, PENSIL 2B HANDY, SPIDOL SNOWMAN PW-1 , ISOLASI DOUBLE TAPE , REFILL BOLP SNOWMAN , BUKU SIDU TULIS 38 L, KERTAS FC NATURAL A4, SNOWMAN MARKER PERMA, BUKU BATIK F/100LBR, BUKU BATIK K/100LBR, REFILL BOLP SNOWMAN , TIP EX, TINTA G12 HITAM SNOW','2020-03-20 10:34:09'),
(572,'1032','1007, 1006, 1002, 1060, 1047, 1043, 1031, 1093, 1094','KERTAS FC NATURAL F4, KERTAS FC NATURAL A4, CUTTER REFILL A-100 , SNOWMAN WB BG-12 HIT, BUKU BATIK K/100LBR, POST IT SYP-016-018, AMPLOP 90 PAPERLINE, GLUE STICK V-TRO 10 , SDI PENCIL SHARPENER','2020-03-20 10:34:09'),
(573,'1033','1001','CUTTER REFILL L-150 ','2020-03-20 10:34:09'),
(574,'1034','1006, 1060, 1057','KERTAS FC NATURAL A4, SNOWMAN WB BG-12 HIT, SNOWMAN MARKER PERMA','2020-03-20 10:34:09'),
(575,'1035','1008, 1031, 1096, 1070','REFILL BOLP SNOWMAN , AMPLOP 90 PAPERLINE, ODNER 1/2 FOLIO BENE, BOLP BP 7 HITAM','2020-03-20 10:34:09'),
(576,'1036','1009, 1007, 1006, 1055, 1038, 1031, 1028','BUKU SIDU TULIS 38 L, KERTAS FC NATURAL F4, KERTAS FC NATURAL A4, CLIP ATOM NO 3, BINDER CLIPS 105, AMPLOP 90 PAPERLINE, BOLP STANDARD AE7 FI','2020-03-20 10:34:09'),
(577,'1037','1009','BUKU SIDU TULIS 38 L','2020-03-20 10:34:09'),
(578,'1038','1006','KERTAS FC NATURAL A4','2020-03-20 10:34:09'),
(579,'1039','1001, 1057, 1033, 1090','CUTTER REFILL L-150 , SNOWMAN MARKER PERMA, TIP EX, SNOWMAN WHITE BESAR ','2020-03-20 10:34:09'),
(580,'1040','1033, 1025, 1026, 1114, 1096, 1070','TIP EX, JUMBO BAG, ODNER FORTE ENDUROX, BOLP SNOWMAN V-5, ODNER 1/2 FOLIO BENE, BOLP BP 7 HITAM','2020-03-20 10:34:09'),
(581,'1041','1023, 1024, 1020, 1018, 1019, 1013, 1017, 1011, 1008, 1009, 1006, 1001, 1060, 1057, 1048, 1049, 1047, 1036, 1033, 1026, 1112, 1113, 1072','MASKING TAPE 1\" NACH, AMPLOP GAJI (I PAK 1, TINTA STEMPEL ZENITH, SPIDOL SNOWMAN PW-2, PENSIL 2B HANDY, LEM CAIR X-LIME 112, SPIDOL SNOWMAN PW-1 , ISOLASI DOUBLE TAPE , REFILL BOLP SNOWMAN , BUKU SIDU TULIS 38 L, KERTAS FC NATURAL A4, CUTTER REFILL L-150 , SNOWMAN WB BG-12 HIT, SNOWMAN MARKER PERMA, BUKU BATIK F/100LBR, ISI PENSIL MEKANIK P, BUKU BATIK K/100LBR, REFILL BOLP SNOWMAN , TIP EX, ODNER FORTE ENDUROX, GREAT WALL BESAR, TINTA SNOWMAN WHITE , TINTA G12 HITAM SNOW','2020-03-20 10:34:09'),
(582,'1042','1006','KERTAS FC NATURAL A4','2020-03-20 10:34:09'),
(583,'1044','1118, 1118','KERTAS FAX OJI 210X3, KERTAS FAX OJI 210X3','2020-03-20 10:34:09'),
(584,'1045','1001','CUTTER REFILL L-150 ','2020-03-20 10:34:09'),
(585,'1046','1007, 1006','KERTAS FC NATURAL F4, KERTAS FC NATURAL A4','2020-03-20 10:34:09'),
(586,'1048','1006','KERTAS FC NATURAL A4','2020-03-20 10:34:09'),
(587,'1049','1024, 1019, 1002, 1001, 1060, 1057, 1048, 1047, 1124, 1125, 1114, 1094','AMPLOP GAJI (I PAK 1, PENSIL 2B HANDY, CUTTER REFILL A-100 , CUTTER REFILL L-150 , SNOWMAN WB BG-12 HIT, SNOWMAN MARKER PERMA, BUKU BATIK F/100LBR, BUKU BATIK K/100LBR, REFILL BOLP SNOWMAN , CORRECTION TAPE DB-C, BOLP SNOWMAN V-5, SDI PENCIL SHARPENER','2020-03-20 10:34:09'),
(588,'1050','1006','KERTAS FC NATURAL A4','2020-03-20 10:34:09'),
(589,'1051','1001, 1026','CUTTER REFILL L-150 , ODNER FORTE ENDUROX','2020-03-20 10:34:09'),
(590,'1053','1019, 1002, 1001, 1060, 1052, 1057, 1048, 1047, 1034, 1033, 1026, 1114, 1094, 1063','PENSIL 2B HANDY, CUTTER REFILL A-100 , CUTTER REFILL L-150 , SNOWMAN WB BG-12 HIT, STOPMAP BIOLA COL 50, SNOWMAN MARKER PERMA, BUKU BATIK F/100LBR, BUKU BATIK K/100LBR, ERASER DEBOZZ DB40-1, TIP EX, ODNER FORTE ENDUROX, BOLP SNOWMAN V-5, SDI PENCIL SHARPENER, BUSINESS FILE/MAP DU','2020-03-20 10:34:09'),
(591,'1055','1007, 1006','KERTAS FC NATURAL F4, KERTAS FC NATURAL A4','2020-03-20 10:34:09'),
(592,'1058','1041, 1043, 1112','PENGGARIS 30 CM BUTT, POST IT SYP-016-018, GREAT WALL BESAR','2020-03-20 10:34:09'),
(593,'1059','1001','CUTTER REFILL L-150 ','2020-03-20 10:34:09'),
(594,'1060','1006','KERTAS FC NATURAL A4','2020-03-20 10:34:09'),
(595,'1061','1024, 1018, 1019, 1017, 1011, 1008, 1060, 1057, 1048, 1047, 1036, 1113, 1072, 1078','AMPLOP GAJI (I PAK 1, SPIDOL SNOWMAN PW-2, PENSIL 2B HANDY, SPIDOL SNOWMAN PW-1 , ISOLASI DOUBLE TAPE , REFILL BOLP SNOWMAN , SNOWMAN WB BG-12 HIT, SNOWMAN MARKER PERMA, BUKU BATIK F/100LBR, BUKU BATIK K/100LBR, REFILL BOLP SNOWMAN , TINTA SNOWMAN WHITE , TINTA G12 HITAM SNOW, BUKU CENTRAL 38 LBR','2020-03-20 10:34:09'),
(596,'1062','1001','CUTTER REFILL L-150 ','2020-03-20 10:34:09'),
(597,'1063','1019, 1060, 1048, 1047, 1114','PENSIL 2B HANDY, SNOWMAN WB BG-12 HIT, BUKU BATIK F/100LBR, BUKU BATIK K/100LBR, BOLP SNOWMAN V-5','2020-03-20 10:34:09'),
(598,'1064','1018, 1017, 1011, 1008, 1060, 1034, 1032, 1026, 1144, 1145, 1138, 1124, 1070, 1078','SPIDOL SNOWMAN PW-2, SPIDOL SNOWMAN PW-1 , ISOLASI DOUBLE TAPE , REFILL BOLP SNOWMAN , SNOWMAN WB BG-12 HIT, ERASER DEBOZZ DB40-1, SPIDOL SNOWMAN PW-1 , ODNER FORTE ENDUROX, STABILO FABER CASTLE, PENGHAPUS HITAM FABE, STABILO FABER CASTLE, REFILL BOLP SNOWMAN , BOLP BP 7 HITAM, BUKU CENTRAL 38 LBR','2020-03-20 10:34:09'),
(599,'1065','1006','KERTAS FC NATURAL A4','2020-03-20 10:34:09'),
(600,'1066','1019, 1007, 1006, 1001, 1048, 1047, 1043, 1034, 1114, 1094, 1063','PENSIL 2B HANDY, KERTAS FC NATURAL F4, KERTAS FC NATURAL A4, CUTTER REFILL L-150 , BUKU BATIK F/100LBR, BUKU BATIK K/100LBR, POST IT SYP-016-018, ERASER DEBOZZ DB40-1, BOLP SNOWMAN V-5, SDI PENCIL SHARPENER, BUSINESS FILE/MAP DU','2020-03-20 10:34:09'),
(601,'1067','1026','ODNER FORTE ENDUROX','2020-03-20 10:34:09'),
(602,'1068','1001, 1026','CUTTER REFILL L-150 , ODNER FORTE ENDUROX','2020-03-20 10:34:09'),
(603,'1069','1020, 1006, 1055, 1028, 1090','TINTA STEMPEL ZENITH, KERTAS FC NATURAL A4, CLIP ATOM NO 3, BOLP STANDARD AE7 FI, SNOWMAN WHITE BESAR ','2020-03-20 10:34:09'),
(604,'1070','1006','KERTAS FC NATURAL A4','2020-03-20 10:34:09'),
(605,'1072','1023, 1024, 1018, 1019, 1017, 1008, 1006, 1036, 1033, 1026, 1078','MASKING TAPE 1\" NACH, AMPLOP GAJI (I PAK 1, SPIDOL SNOWMAN PW-2, PENSIL 2B HANDY, SPIDOL SNOWMAN PW-1 , REFILL BOLP SNOWMAN , KERTAS FC NATURAL A4, REFILL BOLP SNOWMAN , TIP EX, ODNER FORTE ENDUROX, BUKU CENTRAL 38 LBR','2020-03-20 10:34:09'),
(606,'1073','1001','CUTTER REFILL L-150 ','2020-03-20 10:34:09'),
(607,'1074','1019, 1017, 1001, 1052, 1048, 1047, 1047, 1033, 1033, 1138, 1124, 1125, 1114, 1114, 1063','PENSIL 2B HANDY, SPIDOL SNOWMAN PW-1 , CUTTER REFILL L-150 , STOPMAP BIOLA COL 50, BUKU BATIK F/100LBR, BUKU BATIK K/100LBR, BUKU BATIK K/100LBR, TIP EX, TIP EX, STABILO FABER CASTLE, REFILL BOLP SNOWMAN , CORRECTION TAPE DB-C, BOLP SNOWMAN V-5, BOLP SNOWMAN V-5, BUSINESS FILE/MAP DU','2020-03-20 10:34:09'),
(608,'1075','1001, 1047, 1026, 1144, 1138, 1096, 1093, 1088, 1070, 1078','CUTTER REFILL L-150 , BUKU BATIK K/100LBR, ODNER FORTE ENDUROX, STABILO FABER CASTLE, STABILO FABER CASTLE, ODNER 1/2 FOLIO BENE, GLUE STICK V-TRO 10 , STAPLER KENKO HD-10, BOLP BP 7 HITAM, BUKU CENTRAL 38 LBR','2020-03-20 10:34:09'),
(609,'1076','1006, 1031, 1028, 1090','KERTAS FC NATURAL A4, AMPLOP 90 PAPERLINE, BOLP STANDARD AE7 FI, SNOWMAN WHITE BESAR ','2020-03-20 10:34:09'),
(610,'1077','1006','KERTAS FC NATURAL A4','2020-03-20 10:34:09'),
(611,'1078','1023, 1024, 1018, 1019, 1017, 1011, 1008, 1006, 1057, 1048, 1047, 1036, 1026, 1113, 1072, 1078','MASKING TAPE 1\" NACH, AMPLOP GAJI (I PAK 1, SPIDOL SNOWMAN PW-2, PENSIL 2B HANDY, SPIDOL SNOWMAN PW-1 , ISOLASI DOUBLE TAPE , REFILL BOLP SNOWMAN , KERTAS FC NATURAL A4, SNOWMAN MARKER PERMA, BUKU BATIK F/100LBR, BUKU BATIK K/100LBR, REFILL BOLP SNOWMAN , ODNER FORTE ENDUROX, TINTA SNOWMAN WHITE , TINTA G12 HITAM SNOW, BUKU CENTRAL 38 LBR','2020-03-20 10:34:09'),
(612,'1079','1002, 1001, 1048, 1025, 1124, 1114','CUTTER REFILL A-100 , CUTTER REFILL L-150 , BUKU BATIK F/100LBR, JUMBO BAG, REFILL BOLP SNOWMAN , BOLP SNOWMAN V-5','2020-03-20 10:34:09'),
(613,'1080','1001, 1001, 1060, 1047, 1144, 1138, 1096','CUTTER REFILL L-150 , CUTTER REFILL L-150 , SNOWMAN WB BG-12 HIT, BUKU BATIK K/100LBR, STABILO FABER CASTLE, STABILO FABER CASTLE, ODNER 1/2 FOLIO BENE','2020-03-20 10:34:09'),
(614,'1081','1006','KERTAS FC NATURAL A4','2020-03-20 10:34:09'),
(615,'1082','1006, 1063','KERTAS FC NATURAL A4, BUSINESS FILE/MAP DU','2020-03-20 10:34:09'),
(616,'1084','1006','KERTAS FC NATURAL A4','2020-03-20 10:34:09'),
(617,'1085','1023, 1024, 1020, 1018, 1019, 1013, 1017, 1011, 1008, 1006, 1060, 1057, 1034, 1036, 1033, 1026, 1112, 1113, 1072, 1078','MASKING TAPE 1\" NACH, AMPLOP GAJI (I PAK 1, TINTA STEMPEL ZENITH, SPIDOL SNOWMAN PW-2, PENSIL 2B HANDY, LEM CAIR X-LIME 112, SPIDOL SNOWMAN PW-1 , ISOLASI DOUBLE TAPE , REFILL BOLP SNOWMAN , KERTAS FC NATURAL A4, SNOWMAN WB BG-12 HIT, SNOWMAN MARKER PERMA, ERASER DEBOZZ DB40-1, REFILL BOLP SNOWMAN , TIP EX, ODNER FORTE ENDUROX, GREAT WALL BESAR, TINTA SNOWMAN WHITE , TINTA G12 HITAM SNOW, BUKU CENTRAL 38 LBR','2020-03-20 10:34:09'),
(618,'1086','1006, 1031, 1028, 1118','KERTAS FC NATURAL A4, AMPLOP 90 PAPERLINE, BOLP STANDARD AE7 FI, KERTAS FAX OJI 210X3','2020-03-20 10:34:09'),
(619,'1087','1007, 1006, 1048, 1047, 1043, 1033, 1153, 1114, 1094','KERTAS FC NATURAL F4, KERTAS FC NATURAL A4, BUKU BATIK F/100LBR, BUKU BATIK K/100LBR, POST IT SYP-016-018, TIP EX, KERTAS STICKER F4 ( , BOLP SNOWMAN V-5, SDI PENCIL SHARPENER','2020-03-20 10:34:09'),
(620,'1089','1006','KERTAS FC NATURAL A4','2020-03-20 10:34:09'),
(621,'1090','1006','KERTAS FC NATURAL A4','2020-03-20 10:34:09'),
(622,'1091','1001, 1043, 1025, 1112','CUTTER REFILL L-150 , POST IT SYP-016-018, JUMBO BAG, GREAT WALL BESAR','2020-03-20 10:34:09'),
(623,'1092','1007, 1006, 1002, 1001, 1060, 1057, 1048, 1047, 1034, 1157, 1158, 1159, 1088, 1078','KERTAS FC NATURAL F4, KERTAS FC NATURAL A4, CUTTER REFILL A-100 , CUTTER REFILL L-150 , SNOWMAN WB BG-12 HIT, SNOWMAN MARKER PERMA, BUKU BATIK F/100LBR, BUKU BATIK K/100LBR, ERASER DEBOZZ DB40-1, SNOWMAN WB BG-12 BIR, SNOWMAN WB BG-12 MER, AMPLOP SAMSON FOLIO, STAPLER KENKO HD-10, BUKU CENTRAL 38 LBR','2020-03-20 10:34:09'),
(624,'1093','1001','CUTTER REFILL L-150 ','2020-03-20 10:34:09'),
(625,'1094','1026','ODNER FORTE ENDUROX','2020-03-20 10:34:09'),
(626,'1095','1019, 1002, 1001, 1060, 1057, 1048, 1124, 1114, 1088','PENSIL 2B HANDY, CUTTER REFILL A-100 , CUTTER REFILL L-150 , SNOWMAN WB BG-12 HIT, SNOWMAN MARKER PERMA, BUKU BATIK F/100LBR, REFILL BOLP SNOWMAN , BOLP SNOWMAN V-5, STAPLER KENKO HD-10','2020-03-20 10:34:09'),
(627,'1096','1006','KERTAS FC NATURAL A4','2020-03-20 10:34:09'),
(628,'1097','1006','KERTAS FC NATURAL A4','2020-03-20 10:34:09'),
(629,'1098','1006','KERTAS FC NATURAL A4','2020-03-20 10:34:09'),
(630,'1099','1007, 1006, 1001, 1057, 1048, 1165, 1063','KERTAS FC NATURAL F4, KERTAS FC NATURAL A4, CUTTER REFILL L-150 , SNOWMAN MARKER PERMA, BUKU BATIK F/100LBR, CORRECTION TAPE MONT, BUSINESS FILE/MAP DU','2020-03-20 10:34:09'),
(631,'1100','1001','CUTTER REFILL L-150 ','2020-03-20 10:34:09'),
(632,'1101','1023, 1024, 1018, 1019, 1013, 1017, 1011, 1008, 1006, 1057, 1048, 1049, 1047, 1034, 1036, 1033, 1026, 1144, 1138, 1112, 1113, 1072, 1078','MASKING TAPE 1\" NACH, AMPLOP GAJI (I PAK 1, SPIDOL SNOWMAN PW-2, PENSIL 2B HANDY, LEM CAIR X-LIME 112, SPIDOL SNOWMAN PW-1 , ISOLASI DOUBLE TAPE , REFILL BOLP SNOWMAN , KERTAS FC NATURAL A4, SNOWMAN MARKER PERMA, BUKU BATIK F/100LBR, ISI PENSIL MEKANIK P, BUKU BATIK K/100LBR, ERASER DEBOZZ DB40-1, REFILL BOLP SNOWMAN , TIP EX, ODNER FORTE ENDUROX, STABILO FABER CASTLE, STABILO FABER CASTLE, GREAT WALL BESAR, TINTA SNOWMAN WHITE , TINTA G12 HITAM SNOW, BUKU CENTRAL 38 LBR','2020-03-20 10:34:09'),
(633,'1102','1007, 1006, 1031, 1028','KERTAS FC NATURAL F4, KERTAS FC NATURAL A4, AMPLOP 90 PAPERLINE, BOLP STANDARD AE7 FI','2020-03-20 10:34:09'),
(634,'1103','1019, 1013, 1002, 1001, 1034, 1026, 1153, 1124, 1114, 1094, 1088','PENSIL 2B HANDY, LEM CAIR X-LIME 112, CUTTER REFILL A-100 , CUTTER REFILL L-150 , ERASER DEBOZZ DB40-1, ODNER FORTE ENDUROX, KERTAS STICKER F4 ( , REFILL BOLP SNOWMAN , BOLP SNOWMAN V-5, SDI PENCIL SHARPENER, STAPLER KENKO HD-10','2020-03-20 10:34:09'),
(635,'1104','1006','KERTAS FC NATURAL A4','2020-03-20 10:34:09'),
(636,'1107','1006, 1002, 1001, 1048, 1159, 1125, 1078','KERTAS FC NATURAL A4, CUTTER REFILL A-100 , CUTTER REFILL L-150 , BUKU BATIK F/100LBR, AMPLOP SAMSON FOLIO, CORRECTION TAPE DB-C, BUKU CENTRAL 38 LBR','2020-03-20 10:34:09'),
(637,'1108','1006','KERTAS FC NATURAL A4','2020-03-20 10:34:09'),
(638,'1109','1007, 1006, 1001, 1057, 1048, 1038, 1026, 1165, 1170','KERTAS FC NATURAL F4, KERTAS FC NATURAL A4, CUTTER REFILL L-150 , SNOWMAN MARKER PERMA, BUKU BATIK F/100LBR, BINDER CLIPS 105, ODNER FORTE ENDUROX, CORRECTION TAPE MONT, BINDER CLIPS 111','2020-03-20 10:34:09'),
(639,'1110','1007','KERTAS FC NATURAL F4','2020-03-20 10:34:09'),
(640,'1111','1007, 1006, 1002, 1060, 1048, 1047, 1025, 1157, 1124, 1114, 1063','KERTAS FC NATURAL F4, KERTAS FC NATURAL A4, CUTTER REFILL A-100 , SNOWMAN WB BG-12 HIT, BUKU BATIK F/100LBR, BUKU BATIK K/100LBR, JUMBO BAG, SNOWMAN WB BG-12 BIR, REFILL BOLP SNOWMAN , BOLP SNOWMAN V-5, BUSINESS FILE/MAP DU','2020-03-20 10:34:09'),
(641,'1112','1006','KERTAS FC NATURAL A4','2020-03-20 10:34:09'),
(642,'1113','1007, 1006, 1028, 1090','KERTAS FC NATURAL F4, KERTAS FC NATURAL A4, BOLP STANDARD AE7 FI, SNOWMAN WHITE BESAR ','2020-03-20 10:34:09'),
(643,'1114','1023, 1024, 1020, 1018, 1019, 1017, 1011, 1008, 1006, 1060, 1057, 1047, 1034, 1036, 1033, 1026, 1144, 1138, 1112, 1113, 1072, 1078','MASKING TAPE 1\" NACH, AMPLOP GAJI (I PAK 1, TINTA STEMPEL ZENITH, SPIDOL SNOWMAN PW-2, PENSIL 2B HANDY, SPIDOL SNOWMAN PW-1 , ISOLASI DOUBLE TAPE , REFILL BOLP SNOWMAN , KERTAS FC NATURAL A4, SNOWMAN WB BG-12 HIT, SNOWMAN MARKER PERMA, BUKU BATIK K/100LBR, ERASER DEBOZZ DB40-1, REFILL BOLP SNOWMAN , TIP EX, ODNER FORTE ENDUROX, STABILO FABER CASTLE, STABILO FABER CASTLE, GREAT WALL BESAR, TINTA SNOWMAN WHITE , TINTA G12 HITAM SNOW, BUKU CENTRAL 38 LBR','2020-03-20 10:34:09'),
(644,'1116','1007, 1006, 1025, 1124, 1114, 1063','KERTAS FC NATURAL F4, KERTAS FC NATURAL A4, JUMBO BAG, REFILL BOLP SNOWMAN , BOLP SNOWMAN V-5, BUSINESS FILE/MAP DU','2020-03-20 10:34:09'),
(645,'1117','1153','KERTAS STICKER F4 ( ','2020-03-20 10:34:09'),
(646,'1118','1007, 1006, 1002','KERTAS FC NATURAL F4, KERTAS FC NATURAL A4, CUTTER REFILL A-100 ','2020-03-20 10:34:09'),
(647,'1119','1006, 1007, 1002, 1001, 1048, 1047, 1159','KERTAS FC NATURAL A4, KERTAS FC NATURAL F4, CUTTER REFILL A-100 , CUTTER REFILL L-150 , BUKU BATIK F/100LBR, BUKU BATIK K/100LBR, AMPLOP SAMSON FOLIO','2020-03-20 10:34:09'),
(648,'1120','1002, 1001, 1048, 1047, 1033, 1114, 1094','CUTTER REFILL A-100 , CUTTER REFILL L-150 , BUKU BATIK F/100LBR, BUKU BATIK K/100LBR, TIP EX, BOLP SNOWMAN V-5, SDI PENCIL SHARPENER','2020-03-20 10:34:09'),
(649,'1121','1114','BOLP SNOWMAN V-5','2020-03-20 10:34:09'),
(650,'1122','1019, 1006, 1007, 1055, 1145, 1118, 1090','PENSIL 2B HANDY, KERTAS FC NATURAL A4, KERTAS FC NATURAL F4, CLIP ATOM NO 3, PENGHAPUS HITAM FABE, KERTAS FAX OJI 210X3, SNOWMAN WHITE BESAR ','2020-03-20 10:34:09'),
(651,'1124','1006','KERTAS FC NATURAL A4','2020-03-20 10:34:09'),
(652,'1125','1023, 1024, 1020, 1018, 1019, 1011, 1008, 1009, 1006, 1001, 1048, 1036, 1032, 1033, 1026, 1072','MASKING TAPE 1\" NACH, AMPLOP GAJI (I PAK 1, TINTA STEMPEL ZENITH, SPIDOL SNOWMAN PW-2, PENSIL 2B HANDY, ISOLASI DOUBLE TAPE , REFILL BOLP SNOWMAN , BUKU SIDU TULIS 38 L, KERTAS FC NATURAL A4, CUTTER REFILL L-150 , BUKU BATIK F/100LBR, REFILL BOLP SNOWMAN , SPIDOL SNOWMAN PW-1 , TIP EX, ODNER FORTE ENDUROX, TINTA G12 HITAM SNOW','2020-03-20 10:34:09'),
(653,'1126','1006, 1007, 1048, 1049, 1047, 1047, 1041, 1038, 1177','KERTAS FC NATURAL A4, KERTAS FC NATURAL F4, BUKU BATIK F/100LBR, ISI PENSIL MEKANIK P, BUKU BATIK K/100LBR, BUKU BATIK K/100LBR, PENGGARIS 30 CM BUTT, BINDER CLIPS 105, PENSIL MEKANIK KENKO','2020-03-20 10:34:09'),
(654,'1127','1006','KERTAS FC NATURAL A4','2020-03-20 10:34:09'),
(655,'1129','1028','BOLP STANDARD AE7 FI','2020-03-20 10:34:09'),
(656,'1130','1009, 1006, 1007, 1002, 1001, 1048, 1047','BUKU SIDU TULIS 38 L, KERTAS FC NATURAL A4, KERTAS FC NATURAL F4, CUTTER REFILL A-100 , CUTTER REFILL L-150 , BUKU BATIK F/100LBR, BUKU BATIK K/100LBR','2020-03-20 10:34:09'),
(657,'1131','1019, 1048, 1033, 1025, 1124, 1114','PENSIL 2B HANDY, BUKU BATIK F/100LBR, TIP EX, JUMBO BAG, REFILL BOLP SNOWMAN , BOLP SNOWMAN V-5','2020-03-20 10:34:09'),
(658,'1132','1001','CUTTER REFILL L-150 ','2020-03-20 10:34:09'),
(659,'1133','1025','JUMBO BAG','2020-03-20 10:34:09'),
(660,'1136','1038, 1031, 1028','BINDER CLIPS 105, AMPLOP 90 PAPERLINE, BOLP STANDARD AE7 FI','2020-03-20 10:34:09'),
(661,'1137','1006','KERTAS FC NATURAL A4','2020-03-20 10:34:09'),
(662,'1139','1007, 1001, 1057, 1047, 1048, 1034, 1124, 1094','KERTAS FC NATURAL F4, CUTTER REFILL L-150 , SNOWMAN MARKER PERMA, BUKU BATIK K/100LBR, BUKU BATIK F/100LBR, ERASER DEBOZZ DB40-1, REFILL BOLP SNOWMAN , SDI PENCIL SHARPENER','2020-03-20 10:34:09'),
(663,'1140','1023, 1018, 1019, 1011, 1008, 1006, 1047, 1048, 1033, 1036, 1032, 1024, 1026, 1144, 1138, 1113, 1078','MASKING TAPE 1\" NACH, SPIDOL SNOWMAN PW-2, PENSIL 2B HANDY, ISOLASI DOUBLE TAPE , REFILL BOLP SNOWMAN , KERTAS FC NATURAL A4, BUKU BATIK K/100LBR, BUKU BATIK F/100LBR, TIP EX, REFILL BOLP SNOWMAN , SPIDOL SNOWMAN PW-1 , AMPLOP GAJI (I PAK 1, ODNER FORTE ENDUROX, STABILO FABER CASTLE, STABILO FABER CASTLE, TINTA SNOWMAN WHITE , BUKU CENTRAL 38 LBR','2020-03-20 10:34:09'),
(664,'1142','1006','KERTAS FC NATURAL A4','2020-03-20 10:34:09'),
(665,'1143','1006, 1007, 1057, 1055, 1041, 1028, 1090','KERTAS FC NATURAL A4, KERTAS FC NATURAL F4, SNOWMAN MARKER PERMA, CLIP ATOM NO 3, PENGGARIS 30 CM BUTT, BOLP STANDARD AE7 FI, SNOWMAN WHITE BESAR ','2020-03-20 10:34:09'),
(666,'1144','1006','KERTAS FC NATURAL A4','2020-03-20 10:34:09'),
(667,'1145','1048, 1114','BUKU BATIK F/100LBR, BOLP SNOWMAN V-5','2020-03-20 10:34:09'),
(668,'1146','1001A','CUTTER REFILL L-150 ','2020-03-20 10:34:09'),
(669,'1148','1006, 1007, 1002, 1001, 1060, 1057, 1048, 1034, 1165, 1157, 1158','KERTAS FC NATURAL A4, KERTAS FC NATURAL F4, CUTTER REFILL A-100 , CUTTER REFILL L-150 , SNOWMAN WB BG-12 HIT, SNOWMAN MARKER PERMA, BUKU BATIK F/100LBR, ERASER DEBOZZ DB40-1, CORRECTION TAPE MONT, SNOWMAN WB BG-12 BIR, SNOWMAN WB BG-12 MER','2020-03-20 10:34:09'),
(670,'1150','1006','KERTAS FC NATURAL A4','2020-03-20 10:34:09'),
(671,'1157','1001','CUTTER REFILL L-150 ','2020-03-20 10:34:09'),
(672,'1158','1001','CUTTER REFILL L-150 ','2020-03-20 10:34:09'),
(673,'1159','1019','PENSIL 2B HANDY','2020-03-20 10:34:09'),
(674,'1162','1025, 1025, 1033','JUMBO BAG, JUMBO BAG, TIP EX','2020-03-20 10:34:09'),
(675,'1163','1023, 1026, 1009','MASKING TAPE 1\" NACH, ODNER FORTE ENDUROX, BUKU SIDU TULIS 38 L','2020-03-20 10:34:09');

/*Table structure for table `itemset1` */

DROP TABLE IF EXISTS `itemset1`;

CREATE TABLE `itemset1` (
  `id` int(11) NOT NULL AUTO_INCREMENT,
  `atribut` varchar(255) DEFAULT NULL,
  `jumlah` varchar(25) DEFAULT NULL,
  `support` varchar(25) DEFAULT NULL,
  `input_support` varchar(25) DEFAULT NULL,
  `lolos` varchar(15) DEFAULT NULL,
  `session` varchar(50) DEFAULT NULL,
  `created` timestamp NULL DEFAULT CURRENT_TIMESTAMP,
  PRIMARY KEY (`id`)
) ENGINE=InnoDB DEFAULT CHARSET=latin1;

/*Data for the table `itemset1` */

/*Table structure for table `itemset2` */

DROP TABLE IF EXISTS `itemset2`;

CREATE TABLE `itemset2` (
  `id` int(11) NOT NULL AUTO_INCREMENT,
  `atribut1` varchar(100) DEFAULT NULL,
  `atribut2` varchar(100) DEFAULT NULL,
  `jumlah` varchar(50) DEFAULT NULL,
  `support` varchar(50) DEFAULT NULL,
  `input_support` varchar(50) DEFAULT NULL,
  `lolos` int(5) DEFAULT NULL,
  `session` varchar(100) DEFAULT NULL,
  `created` timestamp NULL DEFAULT CURRENT_TIMESTAMP,
  PRIMARY KEY (`id`)
) ENGINE=InnoDB DEFAULT CHARSET=latin1;

/*Data for the table `itemset2` */

/*Table structure for table `transaksi` */

DROP TABLE IF EXISTS `transaksi`;

CREATE TABLE `transaksi` (
  `no_inv` int(11) NOT NULL AUTO_INCREMENT,
  `tgl_trans` date NOT NULL,
  `waktu_trans` time NOT NULL,
  PRIMARY KEY (`no_inv`)
) ENGINE=InnoDB AUTO_INCREMENT=1164 DEFAULT CHARSET=latin1;

/*Data for the table `transaksi` */

insert  into `transaksi`(`no_inv`,`tgl_trans`,`waktu_trans`) values 
(1000,'2018-03-23','00:00:00'),
(1001,'2018-03-23','00:00:00'),
(1002,'2018-03-23','00:00:00'),
(1003,'2018-03-28','00:00:00'),
(1004,'2018-04-09','00:00:00'),
(1005,'2018-04-09','00:00:00'),
(1006,'2018-04-09','00:00:00'),
(1007,'2018-04-19','00:00:00'),
(1008,'2018-04-27','00:00:00'),
(1009,'2018-04-27','00:00:00'),
(1010,'2018-04-25','00:00:00'),
(1011,'2018-04-26','00:00:00'),
(1012,'2018-05-16','00:00:00'),
(1013,'2018-05-16','00:00:00'),
(1014,'2018-05-16','00:00:00'),
(1015,'2018-05-16','00:00:00'),
(1016,'2018-05-16','00:00:00'),
(1017,'2018-05-16','00:00:00'),
(1018,'2018-05-16','00:00:00'),
(1019,'2018-05-16','00:00:00'),
(1020,'2018-05-28','00:00:00'),
(1021,'2018-05-30','00:00:00'),
(1022,'2018-06-06','00:00:00'),
(1023,'2018-06-06','00:00:00'),
(1024,'2018-06-25','00:00:00'),
(1025,'2018-06-26','00:00:00'),
(1026,'2018-06-29','00:00:00'),
(1027,'2018-07-12','00:00:00'),
(1029,'2018-07-09','00:00:00'),
(1030,'2018-07-12','00:00:00'),
(1031,'2018-07-17','00:00:00'),
(1032,'2018-07-23','00:00:00'),
(1033,'2018-07-30','00:00:00'),
(1034,'2018-07-30','00:00:00'),
(1035,'2018-08-01','00:00:00'),
(1036,'2018-08-06','00:00:00'),
(1037,'2018-08-15','00:00:00'),
(1038,'2018-08-08','00:00:00'),
(1039,'2018-08-15','00:00:00'),
(1040,'2018-08-18','00:00:00'),
(1041,'2018-08-20','00:00:00'),
(1042,'2018-08-31','00:00:00'),
(1043,'2018-08-31','00:00:00'),
(1044,'2018-09-03','00:00:00'),
(1045,'2018-09-05','00:00:00'),
(1046,'2018-09-10','00:00:00'),
(1047,'2018-09-10','00:00:00'),
(1048,'2018-09-17','00:00:00'),
(1049,'2018-09-17','00:00:00'),
(1050,'2018-08-20','00:00:00'),
(1051,'2018-09-19','00:00:00'),
(1052,'2018-09-24','00:00:00'),
(1053,'2018-09-25','00:00:00'),
(1054,'2018-09-26','00:00:00'),
(1055,'2018-09-26','00:00:00'),
(1056,'2018-10-03','00:00:00'),
(1058,'2018-10-09','00:00:00'),
(1059,'2018-10-09','00:00:00'),
(1060,'2018-10-12','00:00:00'),
(1061,'2018-10-12','00:00:00'),
(1062,'2018-10-18','00:00:00'),
(1063,'2018-10-18','00:00:00'),
(1064,'2018-10-24','00:00:00'),
(1065,'2018-10-31','00:00:00'),
(1066,'2018-11-03','00:00:00'),
(1067,'2018-11-05','00:00:00'),
(1068,'2018-11-13','00:00:00'),
(1069,'2018-11-13','00:00:00'),
(1070,'2018-11-16','00:00:00'),
(1071,'2018-11-16','00:00:00'),
(1072,'2018-11-21','00:00:00'),
(1073,'2018-11-23','00:00:00'),
(1074,'2018-12-10','00:00:00'),
(1075,'2018-12-14','00:00:00'),
(1076,'2018-12-21','00:00:00'),
(1077,'2018-12-26','00:00:00'),
(1078,'2018-12-21','00:00:00'),
(1079,'2019-01-05','00:00:00'),
(1080,'2019-01-28','00:00:00'),
(1081,'2019-01-17','00:00:00'),
(1082,'2019-01-21','00:00:00'),
(1083,'2019-01-25','00:00:00'),
(1084,'2019-01-25','00:00:00'),
(1085,'2019-02-02','00:00:00'),
(1086,'2019-02-07','00:00:00'),
(1087,'2019-02-07','00:00:00'),
(1088,'2019-02-08','00:00:00'),
(1089,'2019-02-08','00:00:00'),
(1090,'2019-02-11','00:00:00'),
(1091,'2019-02-18','00:00:00'),
(1092,'2019-02-15','00:00:00'),
(1093,'2019-02-25','00:00:00'),
(1094,'2019-02-27','00:00:00'),
(1095,'2019-03-01','00:00:00'),
(1096,'2019-03-06','00:00:00'),
(1097,'2019-03-06','00:00:00'),
(1098,'2019-03-12','00:00:00'),
(1099,'2019-03-13','00:00:00'),
(1100,'2019-03-13','00:00:00'),
(1101,'2019-04-02','00:00:00'),
(1102,'2019-03-28','00:00:00'),
(1103,'2019-03-28','00:00:00'),
(1104,'2019-04-02','00:00:00'),
(1105,'2019-04-04','00:00:00'),
(1106,'2019-04-04','00:00:00'),
(1107,'2019-04-05','00:00:00'),
(1108,'2019-04-24','00:00:00'),
(1109,'2019-04-04','00:00:00'),
(1110,'2019-04-06','00:00:00'),
(1111,'2019-04-10','00:00:00'),
(1112,'2019-04-08','00:00:00'),
(1113,'2019-04-21','00:00:00'),
(1114,'2019-04-23','00:00:00'),
(1115,'2019-04-23','00:00:00'),
(1116,'2019-06-13','00:00:00'),
(1117,'2019-06-13','00:00:00'),
(1118,'2019-06-21','00:00:00'),
(1119,'2019-06-24','00:00:00'),
(1120,'2019-06-26','00:00:00'),
(1121,'2019-06-26','00:00:00'),
(1122,'2019-06-27','00:00:00'),
(1123,'2019-07-05','00:00:00'),
(1124,'2019-07-05','00:00:00'),
(1125,'2019-07-05','00:00:00'),
(1126,'2019-07-08','00:00:00'),
(1127,'2019-07-08','00:00:00'),
(1128,'2019-07-17','00:00:00'),
(1129,'2019-07-17','00:00:00'),
(1130,'2019-07-29','00:00:00'),
(1131,'2019-07-29','00:00:00'),
(1132,'2019-07-31','00:00:00'),
(1133,'2019-08-06','00:00:00'),
(1134,'2019-08-12','00:00:00'),
(1135,'2019-08-12','00:00:00'),
(1136,'2019-08-12','00:00:00'),
(1137,'2019-08-13','00:00:00'),
(1139,'2019-09-06','00:00:00'),
(1140,'2019-08-23','00:00:00'),
(1141,'2019-08-23','00:00:00'),
(1142,'2019-08-28','00:00:00'),
(1143,'2019-09-05','00:00:00'),
(1144,'2019-09-11','00:00:00'),
(1145,'2019-09-20','00:00:00'),
(1146,'2019-09-16','00:00:00'),
(1147,'2019-09-16','00:00:00'),
(1148,'2019-09-20','00:00:00'),
(1149,'2019-09-23','00:00:00'),
(1150,'2019-09-30','00:00:00'),
(1154,'2020-02-16','00:00:00'),
(1155,'2020-02-16','00:00:00'),
(1156,'2020-02-16','00:00:00'),
(1157,'2020-02-16','00:00:00'),
(1158,'2020-02-16','00:00:00'),
(1159,'2020-02-16','00:00:00'),
(1160,'2020-02-16','15:05:32'),
(1161,'2020-02-16','21:09:00'),
(1162,'2020-02-16','21:11:14'),
(1163,'2020-02-20','23:14:42');

/*Table structure for table `transaksi_det` */

DROP TABLE IF EXISTS `transaksi_det`;

CREATE TABLE `transaksi_det` (
  `id` int(11) NOT NULL AUTO_INCREMENT,
  `no_inv` int(11) NOT NULL,
  `kode_item` varchar(8) NOT NULL,
  `quantity` varchar(4) NOT NULL,
  `amount` varchar(50) NOT NULL,
  PRIMARY KEY (`id`),
  KEY `no_inv` (`no_inv`)
) ENGINE=InnoDB AUTO_INCREMENT=1073 DEFAULT CHARSET=latin1;

/*Data for the table `transaksi_det` */

insert  into `transaksi_det`(`id`,`no_inv`,`kode_item`,`quantity`,`amount`) values 
(2,1000,'1017','1','11000'),
(3,1000,'1018','1','11000'),
(4,1000,'1003','6','132000'),
(5,1000,'1004','6','15000'),
(6,1000,'1005','1','39000'),
(7,1000,'1001','8','440000'),
(8,1000,'1002','8','228000'),
(9,1001,'1022','2','110000'),
(10,1001,'1023','60','240000'),
(11,1001,'1024','35','245000'),
(12,1001,'1020','5','22500'),
(13,1001,'1021','1','80000'),
(14,1001,'1019','2','24000'),
(15,1001,'1012','2','15000'),
(16,1001,'1015','2','15500'),
(17,1001,'1016','1','59000'),
(18,1001,'1017','3','33000'),
(19,1001,'1018','4','44000'),
(20,1001,'1010','24','40800'),
(21,1001,'1008','6','52200'),
(22,1001,'1009','4','84000'),
(23,1001,'1005','29','1131000'),
(24,1002,'1025','5','275000'),
(25,1003,'1015','1','7750'),
(26,1003,'1017','2','22000'),
(27,1003,'1010','96','163200'),
(28,1003,'1008','3','26100'),
(29,1003,'1006','6','234000'),
(30,1003,'1034','1','22000'),
(31,1003,'1030','1','37000'),
(32,1003,'1031','1','17000'),
(33,1003,'1033','2','10000'),
(34,1003,'1026','30','390000'),
(35,1003,'1028','2','35000'),
(36,1004,'1007','10','444000'),
(37,1004,'1006','10','390000'),
(38,1004,'1043','5','42500'),
(39,1004,'1044','5','37500'),
(40,1004,'1045','5','366000'),
(41,1004,'1037','5','50000'),
(42,1004,'1038','5','17500'),
(43,1004,'1039','5','1760000'),
(44,1005,'1023','40','148000'),
(45,1005,'1007','1','44000'),
(46,1005,'1006','25','975000'),
(47,1005,'1046','1','79500'),
(48,1005,'1040','35','271250'),
(49,1005,'1041','1','21000'),
(50,1005,'1042','2','17000'),
(51,1005,'1036','2','16000'),
(52,1006,'1025','5','275000'),
(53,1007,'1006','58','2233000'),
(54,1010,'1001','12','660000'),
(55,1011,'1006','25','975000'),
(56,1008,'1051','2','160000'),
(57,1008,'1050','1','30000'),
(58,1008,'1048','12','180000'),
(59,1008,'1047','24','204000'),
(60,1008,'1033','6','30000'),
(61,1009,'1023','48','182400'),
(62,1009,'1011','24','50400'),
(63,1009,'1008','4','32000'),
(64,1009,'1007','15','660000'),
(65,1009,'1006','15','585000'),
(66,1009,'1049','3','93000'),
(67,1009,'1046','5','397500'),
(68,1009,'1044','2','15000'),
(69,1012,'1006','80','3080000'),
(70,1013,'1006','6','234000'),
(71,1013,'1026','1','12500'),
(72,1013,'1027','45','1845000'),
(73,1014,'1007','5','221999.76'),
(74,1014,'1006','5','194999.79'),
(75,1014,'1001','24','1319998.55'),
(76,1014,'1052','6','9503.99'),
(77,1014,'1053','5','79999.91'),
(78,1014,'1054','1','29999.97'),
(79,1014,'1038','5','17499.98'),
(80,1014,'1039','5','1759998.06'),
(81,1015,'1006','5','194994.46'),
(82,1015,'1052','24','37006.95'),
(83,1015,'1055','4','9999.72'),
(84,1015,'1057','1','5399.85'),
(85,1015,'1043','4','33999.03'),
(86,1016,'1006','25','975000'),
(87,1017,'1001','12','660000'),
(88,1018,'1023','50','185000'),
(89,1018,'1019','7','69300'),
(90,1018,'1017','15','12750'),
(91,1018,'1018','15','12750'),
(92,1018,'1008','6','49500'),
(93,1018,'1006','10','390000'),
(94,1018,'1058','2','10800'),
(95,1018,'1059','12','19200'),
(96,1018,'1056','2','50000'),
(97,1018,'1057','6','32400'),
(98,1018,'1049','1','30000'),
(99,1018,'1046','1','79500'),
(100,1018,'1040','30','232500'),
(101,1018,'1036','2','16500'),
(102,1018,'1032','6','5100'),
(103,1018,'1027','8','316000'),
(104,1018,'1071','3','24000'),
(105,22052018,'1021','1','75000'),
(106,1020,'1006','25','975000'),
(107,1020,'1068','12','30000'),
(108,1019,'1008','3','25500'),
(109,1019,'1001','12','672000'),
(110,1019,'1057','12','64800'),
(111,1019,'1030','1','41000'),
(112,1019,'1070','6','111000'),
(113,1019,'1073','2','80000'),
(114,1019,'1069','3','25500'),
(115,1019,'1064','3','33000'),
(116,1019,'1065','10','95000'),
(117,1019,'1066','10','57500'),
(118,1019,'1067','2','24000'),
(119,1021,'1021','1','69999.51'),
(120,1021,'1023','50','199998.61'),
(121,1021,'1024','20','139999.02'),
(122,1021,'1024','25','187498.69'),
(123,1021,'1018','42','38513.73'),
(124,1021,'1019','6','71999.5'),
(125,1021,'1012','2','14999.9'),
(126,1021,'1015','5','38749.73'),
(127,1021,'1017','42','38513.73'),
(128,1021,'1011','166','348597.56'),
(129,1021,'1008','7','60899.58'),
(130,1021,'1009','2','43999.69'),
(131,1021,'1006','50','1949986.39'),
(132,1021,'1060','3','19499.86'),
(133,1021,'1061','6','80999.43'),
(134,1021,'1062','3','44999.69'),
(135,1021,'1047','5','42499.7'),
(136,1021,'1036','1','8699.94'),
(137,1021,'1033','4','19999.86'),
(138,1021,'1026','10','129999.09'),
(139,1021,'1072','10','99999.3'),
(140,1021,'1063','10','359997.49'),
(141,1022,'1006','15','585000'),
(142,1022,'1074','1','16000'),
(143,1022,'1075','1','16000'),
(144,1023,'1021','2','140000'),
(145,1023,'1011','36','75600'),
(146,1023,'1008','5','41250'),
(147,1023,'1007','20','888000'),
(148,1023,'1006','20','784000'),
(149,1023,'1048','20','300000'),
(150,1023,'1049','3','93000'),
(151,1023,'1046','1','79800'),
(152,1023,'1031','1','17500'),
(153,1023,'1076','2','35000'),
(154,1023,'1077','1','110000'),
(155,1024,'1006','25','975000'),
(156,1024,'1082','1','90000'),
(157,1024,'1080','1','90000'),
(158,1024,'1081','1','90000'),
(159,1024,'1079','4','360000'),
(160,1025,'1019','5','6600'),
(161,1025,'1009','2','55000'),
(162,1025,'1059','4','6800'),
(163,1025,'1028','1','17000'),
(164,1025,'1078','2','47000'),
(165,1026,'1007','2','90000'),
(166,1029,'1009','1','23500'),
(167,1029,'1083','1','20500'),
(168,1029,'1084','1','16000'),
(169,1027,'1001','12','672000'),
(170,1027,'1001','12','672000'),
(171,1027,'1030','1','41000'),
(172,1027,'1026','36','450000'),
(173,1027,'1027','30','1230000'),
(174,1027,'1090','24','270000'),
(175,1027,'1091','12','252000'),
(176,1027,'1077','2','230000'),
(177,1030,'1021','4','300000'),
(178,1030,'1021','8','680000'),
(179,1030,'1024','5','42500'),
(180,1030,'1053','10','160000'),
(181,1030,'1048','12','180000'),
(182,1030,'1039','5','1800000'),
(183,1030,'1085','2','110000'),
(184,1030,'1086','5','32500'),
(185,1030,'1087','5','27500'),
(186,1030,'1088','1','10000'),
(187,1030,'1089','1','15000'),
(188,1030,'1062','1','15000'),
(189,1030,'1063','1','30000'),
(190,1031,'1022','3','153000'),
(191,1031,'1023','40','170000'),
(192,1031,'1024','35','262500'),
(193,1031,'1018','65','60125'),
(194,1031,'1019','2','24000'),
(195,1031,'1016','1','59000'),
(196,1031,'1017','65','60125'),
(197,1031,'1011','30','75000'),
(198,1031,'1008','16','139200'),
(199,1031,'1009','3','69000'),
(200,1031,'1006','60','2340000'),
(201,1031,'1061','6','81000'),
(202,1031,'1056','1','25000'),
(203,1031,'1057','3','18000'),
(204,1031,'1048','5','72500'),
(205,1031,'1047','5','42500'),
(206,1031,'1036','1','8700'),
(207,1031,'1033','3','15000'),
(208,1031,'1072','5','75000'),
(209,1031,'1062','4','60000'),
(210,1032,'1007','10','444000'),
(211,1032,'1006','10','390000'),
(212,1032,'1002','10','315000'),
(213,1032,'1060','24','156000'),
(214,1032,'1059','12','20400'),
(215,1032,'1050','2','60000'),
(216,1032,'1047','24','204000'),
(217,1032,'1043','6','30000'),
(218,1032,'1031','3','52500'),
(219,1032,'1095','2','170000'),
(220,1032,'1092','2','65000'),
(221,1032,'1093','6','21000'),
(222,1032,'1094','6','30000'),
(223,1033,'1001','12','672000'),
(224,1034,'1006','50','1950000'),
(225,1034,'1060','2','13000'),
(226,1034,'1057','2','13000'),
(227,1034,'1040','5','45000'),
(228,1035,'1008','3','25500'),
(229,1035,'1059','5','10000'),
(230,1035,'1031','3','52500'),
(231,1035,'1027','35','1435000'),
(232,1035,'1096','12','186000'),
(233,1035,'1097','3','457500'),
(234,1035,'1098','5','100000'),
(235,1035,'1070','3','52500'),
(236,1036,'1009','2','47000'),
(237,1036,'1007','2','88800'),
(238,1036,'1006','2','78000'),
(239,1036,'1055','5','12500'),
(240,1036,'1038','4','16000'),
(241,1036,'1031','2','35000'),
(242,1036,'1028','4','80000'),
(243,1036,'1100','2','30000'),
(244,1036,'1102','1','265000'),
(245,1036,'1103','1','383000'),
(246,1036,'1092','4','20000'),
(247,1038,'1006','40','1560000'),
(248,1038,'1046','1','80000'),
(249,1037,'1009','6','138000'),
(250,1037,'1104','3','52500'),
(251,1037,'1105','3','16500'),
(252,1039,'1001','12','672000'),
(253,1039,'1057','24','144000'),
(254,1039,'1033','5','27500'),
(255,1039,'1109','5','625000'),
(256,1039,'1100','1','15000'),
(257,1039,'1101','5','32500'),
(258,1039,'1106','12','192000'),
(259,1039,'1108','1','70000'),
(260,1039,'1090','24','300000'),
(261,1039,'1089','3','52500'),
(262,1040,'1039','5','1840000'),
(263,1040,'1033','12','66000'),
(264,1040,'1025','6','390000'),
(265,1040,'1026','12','198000'),
(266,1040,'1110','5','375000'),
(267,1040,'1111','1','13500'),
(268,1040,'1114','2','60000'),
(269,1040,'1096','12','174000'),
(270,1040,'1070','2','35000'),
(271,1041,'1023','125','531250'),
(272,1041,'1024','35','280000'),
(273,1041,'1020','3','13500'),
(274,1041,'1018','35','32375'),
(275,1041,'1019','7','84000'),
(276,1041,'1013','3','10500'),
(277,1041,'1015','2','15500'),
(278,1041,'1016','1','59000'),
(279,1041,'1017','35','32375'),
(280,1041,'1011','124','310000'),
(281,1041,'1008','11','95700'),
(282,1041,'1009','3','69000'),
(283,1041,'1006','40','1560000'),
(284,1041,'1001','1','56000'),
(285,1041,'1060','3','19500'),
(286,1041,'1061','3','40500'),
(287,1041,'1057','10','60000'),
(288,1041,'1048','5','72500'),
(289,1041,'1049','3','99000'),
(290,1041,'1047','10','85000'),
(291,1041,'1036','2','17400'),
(292,1041,'1033','7','35000'),
(293,1041,'1026','3','45000'),
(294,1041,'1119','1','8500'),
(295,1041,'1111','2','27000'),
(296,1041,'1112','2','50000'),
(297,1041,'1113','2','30000'),
(298,1041,'1106','12','180000'),
(299,1041,'1072','10','120000'),
(300,1041,'1062','2','32000'),
(301,1050,'1006','40','1540000'),
(302,1042,'1006','25','975000'),
(303,1043,'1115','1','55000'),
(304,1043,'1116','2','110000'),
(305,1043,'1117','2','110000'),
(306,1044,'1122','1','50000'),
(307,1044,'1118','12','240000'),
(308,1044,'1118','2','30000'),
(309,1045,'1001','12','672000'),
(310,1046,'1007','10','445000'),
(311,1046,'1006','15','585000'),
(312,1047,'1021','1','75000'),
(313,1047,'1121','1','30000'),
(314,1047,'1121','9','225000'),
(315,1048,'1006','25','975000'),
(316,1048,'1123','5','232500'),
(317,1049,'1024','6','51000'),
(318,1049,'1019','1','12000'),
(319,1049,'1002','10','290000'),
(320,1049,'1001','10','550000'),
(321,1049,'1060','24','156000'),
(322,1049,'1057','24','144000'),
(323,1049,'1050','1','30000'),
(324,1049,'1048','11','165000'),
(325,1049,'1047','11','93500'),
(326,1049,'1044','2','15000'),
(327,1049,'1039','10','3700000'),
(328,1049,'1037','3','30000'),
(329,1049,'1124','5','45000'),
(330,1049,'1125','6','33000'),
(331,1049,'1114','2','60000'),
(332,1049,'1094','6','6000'),
(333,1049,'1062','1','15000'),
(334,1051,'1001','12','672000'),
(335,1051,'1026','24','360000'),
(336,1051,'1027','40','1640000'),
(337,1051,'1086','5','32500'),
(338,1052,'1027','5','205000'),
(339,1052,'1098','12','204000'),
(340,1053,'1019','1','12000'),
(341,1053,'1002','2','58000'),
(342,1053,'1004','2','7000'),
(343,1053,'1001','2','110000'),
(344,1053,'1060','12','78000'),
(345,1053,'1052','6','9600'),
(346,1053,'1053','1','16000'),
(347,1053,'1054','2','42000'),
(348,1053,'1057','12','72000'),
(349,1053,'1048','12','180000'),
(350,1053,'1047','12','102000'),
(351,1053,'1034','1','20000'),
(352,1053,'1033','2','11000'),
(353,1053,'1026','4','66000'),
(354,1053,'1130','2','15000'),
(355,1053,'1131','20','270000'),
(356,1053,'1132','1','85000'),
(357,1053,'1126','3','330000'),
(358,1053,'1127','3','66000'),
(359,1053,'1128','10','30000'),
(360,1053,'1129','2','24000'),
(361,1053,'1114','1','30000'),
(362,1053,'1095','1','85000'),
(363,1053,'1091','6','87000'),
(364,1053,'1094','6','6000'),
(365,1053,'1086','1','6500'),
(366,1053,'1063','16','40000'),
(367,1053,'1067','2','30000'),
(368,1054,'1098','3','60000'),
(369,1055,'1007','5','222000'),
(370,1055,'1006','10','390000'),
(371,1056,'1005','50','1925000'),
(372,1058,'1016','1','59000'),
(373,1058,'1053','10','160000'),
(374,1058,'1041','2','8000'),
(375,1058,'1043','3','19500'),
(376,1058,'1044','5','37500'),
(377,1058,'1112','5','15000'),
(378,1058,'1086','5','32500'),
(379,1058,'1062','1','15000'),
(380,1059,'1001','12','672000'),
(381,1059,'1098','5','100000'),
(382,1059,'1108','5','350000'),
(383,1060,'1006','25','975000'),
(384,1061,'1024','30','240000'),
(385,1061,'1018','62','57350'),
(386,1061,'1019','7','84000'),
(387,1061,'1012','1','7500'),
(388,1061,'1017','63','58275'),
(389,1061,'1011','162','405000'),
(390,1061,'1008','15','130500'),
(391,1061,'1005','40','1560000'),
(392,1061,'1060','3','19500'),
(393,1061,'1057','2','12000'),
(394,1061,'1048','5','72500'),
(395,1061,'1047','5','42500'),
(396,1061,'1036','2','17400'),
(397,1061,'1134','1','7750'),
(398,1061,'1133','1','7750'),
(399,1061,'1113','5','75000'),
(400,1061,'1072','10','120000'),
(401,1061,'1076','2','27000'),
(402,1061,'1078','4','92000'),
(403,1061,'1062','4','64000'),
(404,1062,'1001','12','672000'),
(405,1062,'1053','2','32000'),
(406,1062,'1044','5','37500'),
(407,1062,'1027','45','1845000'),
(408,1062,'1135','12','57000'),
(409,1063,'1019','1','12000'),
(410,1063,'1060','9','58500'),
(411,1063,'1048','12','180000'),
(412,1063,'1047','6','51000'),
(413,1063,'1136','2','100000'),
(414,1063,'1137','4','26000'),
(415,1063,'1129','1','12000'),
(416,1063,'1114','2','60000'),
(417,1063,'1095','2','170000'),
(418,1064,'1018','5','5000'),
(419,1064,'1017','5','5000'),
(420,1064,'1011','3','7500'),
(421,1064,'1008','4','34000'),
(422,1064,'1060','12','78000'),
(423,1064,'1044','12','90000'),
(424,1064,'1034','10','10000'),
(425,1064,'1032','5','5000'),
(426,1064,'1026','15','225000'),
(427,1064,'1134','3','23250'),
(428,1064,'1144','2','15500'),
(429,1064,'1145','10','30000'),
(430,1064,'1138','2','15500'),
(431,1064,'1133','3','23250'),
(432,1064,'1124','3','26250'),
(433,1064,'1128','2','15500'),
(434,1064,'1070','3','52500'),
(435,1064,'1078','1','25000'),
(436,1064,'1062','3','51000'),
(437,1065,'1006','25','975000'),
(438,1065,'1140','24','78000'),
(439,1065,'1141','1','22500'),
(440,1065,'1142','1','27500'),
(441,1065,'1143','1','21000'),
(442,1065,'1139','1','7500'),
(443,1066,'1019','3','36000'),
(444,1066,'1007','10','444000'),
(445,1066,'1006','10','390000'),
(446,1066,'1001','6','330000'),
(447,1066,'1050','1','30000'),
(448,1066,'1048','12','180000'),
(449,1066,'1047','12','102000'),
(450,1066,'1043','3','19500'),
(451,1066,'1039','7','2590000'),
(452,1066,'1034','6','6000'),
(453,1066,'1146','1','11000'),
(454,1066,'1114','2','60000'),
(455,1066,'1094','6','6000'),
(456,1066,'1063','12','30000'),
(457,1067,'1026','15','225000'),
(458,1068,'1001','12','672000'),
(459,1068,'1026','18','270000'),
(460,1068,'1027','30','1230000'),
(461,1068,'1106','12','210000'),
(462,1069,'1020','1','5000'),
(463,1069,'1006','1','39000'),
(464,1069,'1053','2','32000'),
(465,1069,'1055','10','30000'),
(466,1069,'1040','1','9000'),
(467,1069,'1028','1','20000'),
(468,1069,'1027','2','85000'),
(469,1069,'1147','2','94000'),
(470,1069,'1102','1','285000'),
(471,1069,'1090','2','30000'),
(472,1069,'1074','1','20000'),
(473,1069,'1062','1','17000'),
(474,1070,'1006','25','975000'),
(475,1071,'1147','2','94000'),
(476,1072,'1023','30','127500'),
(477,1072,'1024','20','160000'),
(478,1072,'1018','50','46250'),
(479,1072,'1019','6','72000'),
(480,1072,'1012','1','7500'),
(481,1072,'1017','50','46250'),
(482,1072,'1008','7','60900'),
(483,1072,'1006','40','1560000'),
(484,1072,'1061','3','40500'),
(485,1072,'1036','3','26100'),
(486,1072,'1033','5','25000'),
(487,1072,'1026','12','180000'),
(488,1072,'1078','3','69000'),
(489,1072,'1062','3','48000'),
(490,1073,'1001','12','672000'),
(491,1073,'1150','12','108000'),
(492,1073,'1148','4','36000'),
(493,1073,'1149','5','45000'),
(494,1073,'1092','8','40000'),
(495,1073,'1086','5','32500'),
(496,1073,'1064','2','22000'),
(497,1074,'1019','1','11999.99'),
(498,1074,'1017','12','11003.99'),
(499,1074,'1001','5','274999.75'),
(500,1074,'1052','12','23999.98'),
(501,1074,'1048','12','179999.84'),
(502,1074,'1045','2','151999.86'),
(503,1074,'1046','1','79999.93'),
(504,1074,'1047','6','50999.95'),
(505,1074,'1047','12','101999.91'),
(506,1074,'1039','7','2589997.69'),
(507,1074,'1037','5','49999.96'),
(508,1074,'1033','6','32999.97'),
(509,1074,'1033','10','54999.95'),
(510,1074,'1134','2','15499.99'),
(511,1074,'1138','2','15499.99'),
(512,1074,'1130','4','71999.94'),
(513,1074,'1133','2','15499.99'),
(514,1074,'1124','2','17999.98'),
(515,1074,'1125','9','67499.94'),
(516,1074,'1114','1','29999.97'),
(517,1074,'1114','3','89999.92'),
(518,1074,'1098','3','53999.95'),
(519,1074,'1101','6','41999.96'),
(520,1074,'1089','10','149999.87'),
(521,1074,'1063','120','299999.74'),
(522,1075,'1015','2','15500'),
(523,1075,'1001','12','672000'),
(524,1075,'1047','10','85000'),
(525,1075,'1026','30','450000'),
(526,1075,'1134','2','15500'),
(527,1075,'1144','2','15500'),
(528,1075,'1138','2','15500'),
(529,1075,'1133','2','15500'),
(530,1075,'1096','22','341000'),
(531,1075,'1093','5','17500'),
(532,1075,'1088','6','90000'),
(533,1075,'1070','1','17500'),
(534,1075,'1078','1','25000'),
(535,1075,'1062','3','51000'),
(536,1076,'1006','2','78000'),
(537,1076,'1031','2','40000'),
(538,1076,'1028','4','80000'),
(539,1076,'1151','1','35000'),
(540,1076,'1100','2','30000'),
(541,1076,'1090','2','30000'),
(542,1078,'1023','50','212500'),
(543,1078,'1024','26','208000'),
(544,1078,'1018','60','55500'),
(545,1078,'1019','5','60000'),
(546,1078,'1017','60','55500'),
(547,1078,'1011','100','250000'),
(548,1078,'1008','12','104400'),
(549,1078,'1006','30','1170000'),
(550,1078,'1057','10','60000'),
(551,1078,'1048','5','72500'),
(552,1078,'1047','10','85000'),
(553,1078,'1036','4','34800'),
(554,1078,'1026','12','180000'),
(555,1078,'1143','1','23000'),
(556,1078,'1113','3','45000'),
(557,1078,'1072','3','36000'),
(558,1078,'1078','3','75000'),
(559,1078,'1062','2','32000'),
(560,1077,'1006','25','975000'),
(561,1079,'1002','10','295000'),
(562,1079,'1001','12','666000'),
(563,1079,'1050','1','30000'),
(564,1079,'1048','12','180000'),
(565,1079,'1045','3','234000'),
(566,1079,'1039','7','2590000'),
(567,1079,'1025','3','195000'),
(568,1079,'1152','24','144000'),
(569,1079,'1137','24','156000'),
(570,1079,'1124','1','9000'),
(571,1079,'1114','2','60000'),
(572,1079,'1067','2','30000'),
(573,1081,'1006','5','195000'),
(574,1082,'1006','25','975000'),
(575,1082,'1063','12','30000'),
(576,1083,'1005','20','780000'),
(577,1084,'1006','65','2535000'),
(578,1084,'1005','5','195000'),
(579,1080,'1021','1','85000'),
(580,1080,'1001','12','672000'),
(581,1080,'1001','12','672000'),
(582,1080,'1060','12','78000'),
(583,1080,'1047','10','85000'),
(584,1080,'1134','3','23250'),
(585,1080,'1144','7','54250'),
(586,1080,'1138','7','54250'),
(587,1080,'1133','3','23250'),
(588,1080,'1096','14','217000'),
(589,1080,'1062','1','17000'),
(590,1085,'1021','1','85000'),
(591,1085,'1023','50','212500'),
(592,1085,'1024','35','280000'),
(593,1085,'1020','5','22500'),
(594,1085,'1018','50','46250'),
(595,1085,'1019','4','48000'),
(596,1085,'1013','2','8000'),
(597,1085,'1016','1','60000'),
(598,1085,'1017','50','46250'),
(599,1085,'1011','120','300000'),
(600,1085,'1008','13','113100'),
(601,1085,'1006','25','975000'),
(602,1085,'1060','2','13000'),
(603,1085,'1061','3','40500'),
(604,1085,'1057','10','60000'),
(605,1085,'1059','1','1700'),
(606,1085,'1053','5','80000'),
(607,1085,'1034','9','15300'),
(608,1085,'1036','4','34800'),
(609,1085,'1033','5','25000'),
(610,1085,'1026','18','270000'),
(611,1085,'1112','1','25000'),
(612,1085,'1113','2','30000'),
(613,1085,'1072','6','72000'),
(614,1085,'1076','1','13500'),
(615,1085,'1078','2','50000'),
(616,1085,'1062','5','80000'),
(617,1086,'1006','2','78000'),
(618,1086,'1031','1','20000'),
(619,1086,'1028','2','40000'),
(620,1086,'1151','1','35000'),
(621,1086,'1122','1','50000'),
(622,1086,'1118','15','270000'),
(623,1086,'1100','2','30000'),
(624,1086,'1062','2','32000'),
(625,1087,'1007','10','444000'),
(626,1087,'1006','10','390000'),
(627,1087,'1004','4','14000'),
(628,1087,'1050','2','60000'),
(629,1087,'1048','5','75000'),
(630,1087,'1045','2','156000'),
(631,1087,'1047','10','85000'),
(632,1087,'1043','6','36000'),
(633,1087,'1033','6','33000'),
(634,1087,'1153','2','140000'),
(635,1087,'1114','2','60000'),
(636,1087,'1094','6','24000'),
(637,1088,'1154','2','800000'),
(638,1089,'1006','5','195000'),
(639,1089,'1150','1','8500'),
(640,1089,'1155','1','8500'),
(641,1089,'1156','1','8500'),
(642,1090,'1006','25','975000'),
(643,1090,'1040','72','594000'),
(644,1092,'1007','15','660000'),
(645,1092,'1006','5','195000'),
(646,1092,'1002','2','59000'),
(647,1092,'1001','5','277500'),
(648,1092,'1060','4','26000'),
(649,1092,'1057','24','144000'),
(650,1092,'1053','6','96000'),
(651,1092,'1048','10','150000'),
(652,1092,'1045','24','156000'),
(653,1092,'1047','10','85000'),
(654,1092,'1044','6','45000'),
(655,1092,'1034','40','20000'),
(656,1092,'1037','6','60000'),
(657,1092,'1161','10','290000'),
(658,1092,'1162','10','160000'),
(659,1092,'1163','12','90000'),
(660,1092,'1157','4','26000'),
(661,1092,'1158','4','26000'),
(662,1092,'1159','1','31000'),
(663,1092,'1088','12','84000'),
(664,1092,'1078','1','23000'),
(665,1091,'1001','12','666000'),
(666,1091,'1043','12','54000'),
(667,1091,'1025','1','65000'),
(668,1091,'1112','1','30000'),
(669,1091,'1101','14','70000'),
(670,1091,'1086','19','66500'),
(671,1091,'1062','1','15000'),
(672,1093,'1001','12','672000'),
(673,1094,'1021','1','75000'),
(674,1094,'1026','12','162000'),
(675,1094,'1164','3','174000'),
(676,1095,'1019','2','24000'),
(677,1095,'1002','5','145000'),
(678,1095,'1001','11','605000'),
(679,1095,'1060','24','156000'),
(680,1095,'1057','24','144000'),
(681,1095,'1053','3','48000'),
(682,1095,'1048','10','150000'),
(683,1095,'1039','10','3650000'),
(684,1095,'1037','3','30000'),
(685,1095,'1124','1','9000'),
(686,1095,'1114','2','60000'),
(687,1095,'1088','1','10000'),
(688,1096,'1006','5','195000'),
(689,1097,'1006','50','1950000'),
(690,1098,'1006','25','975000'),
(691,1099,'1007','20','879756.17'),
(692,1099,'1006','5','194945.97'),
(693,1099,'1001','3','166453.87'),
(694,1099,'1057','36','2159415'),
(695,1099,'1048','15','224937.66'),
(696,1099,'1165','6','49986.15'),
(697,1099,'1166','1','49986.15'),
(698,1099,'1089','1','17995.01'),
(699,1099,'1063','24','53985.04'),
(700,1100,'1001','12','672000'),
(701,1102,'1007','1','44400'),
(702,1102,'1006','2','78000'),
(703,1102,'1037','3','30000'),
(704,1102,'1031','2','40000'),
(705,1102,'1028','2','40000'),
(706,1102,'1102','1','280000'),
(707,1102,'1068','12','30000'),
(708,1102,'1062','1','16000'),
(709,1103,'1019','4','48000'),
(710,1103,'1013','6','24000'),
(711,1103,'1002','5','145000'),
(712,1103,'1001','10','550000'),
(713,1103,'1054','1','32500'),
(714,1103,'1034','6','6000'),
(715,1103,'1026','17','255000'),
(716,1103,'1153','2','140000'),
(717,1103,'1167','1','6000'),
(718,1103,'1130','2','20000'),
(719,1103,'1131','12','156000'),
(720,1103,'1124','2','18000'),
(721,1103,'1114','2','60000'),
(722,1103,'1094','6','24000'),
(723,1103,'1088','1','12500'),
(724,1103,'1064','6','75000'),
(725,1103,'1067','3','37500'),
(726,1101,'1023','70','297500'),
(727,1101,'1024','35','280000'),
(728,1101,'1018','30','30000'),
(729,1101,'1019','5','60000'),
(730,1101,'1013','8','8000'),
(731,1101,'1017','30','30000'),
(732,1101,'1011','120','300000'),
(733,1101,'1008','17','161500'),
(734,1101,'1006','50','1950000'),
(735,1101,'1061','5','67500'),
(736,1101,'1057','5','30000'),
(737,1101,'1048','3','45000'),
(738,1101,'1049','2','66000'),
(739,1101,'1047','5','42500'),
(740,1101,'1034','5','5000'),
(741,1101,'1036','2','19000'),
(742,1101,'1033','5','25000'),
(743,1101,'1026','7','98000'),
(744,1101,'1144','3','23250'),
(745,1101,'1138','2','15500'),
(746,1101,'1133','1','7750'),
(747,1101,'1112','1','25000'),
(748,1101,'1113','2','30000'),
(749,1101,'1072','5','60000'),
(750,1101,'1078','4','100000'),
(751,1101,'1062','3','48000'),
(752,1104,'1006','5','195000'),
(753,1104,'1037','6','72000'),
(754,1105,'1154','2','800000'),
(755,1106,'1154','1','400000'),
(756,1107,'1006','5','195000'),
(757,1107,'1002','2','59000'),
(758,1107,'1001','8','444000'),
(759,1107,'1048','10','150000'),
(760,1107,'1160','2','77000'),
(761,1107,'1163','12','90000'),
(762,1107,'1168','1','82500'),
(763,1107,'1159','3','93000'),
(764,1107,'1169','20','60000'),
(765,1107,'1125','7','52500'),
(766,1107,'1078','3','69000'),
(767,1108,'1006','120','4680000'),
(768,1109,'1014','2','30000'),
(769,1109,'1007','10','440000'),
(770,1109,'1006','5','195000'),
(771,1109,'1001','8','444000'),
(772,1109,'1057','12','72000'),
(773,1109,'1048','10','150000'),
(774,1109,'1045','12','90000'),
(775,1109,'1044','12','78000'),
(776,1109,'1037','5','50000'),
(777,1109,'1038','12','36000'),
(778,1109,'1026','6','81000'),
(779,1109,'1165','12','72000'),
(780,1109,'1139','12','165000'),
(781,1109,'1130','12','180000'),
(782,1109,'1110','1','80000'),
(783,1109,'1100','10','150000'),
(784,1109,'1092','12','42000'),
(785,1109,'1170','12','56400'),
(786,1110,'1007','2','90000'),
(787,1110,'1147','1','47000'),
(788,1112,'1006','25','975000'),
(789,1111,'1007','10','444000'),
(790,1111,'1006','10','390000'),
(791,1111,'1002','5','145000'),
(792,1111,'1060','36','234000'),
(793,1111,'1050','2','60000'),
(794,1111,'1053','6','96000'),
(795,1111,'1048','10','150000'),
(796,1111,'1045','36','241200'),
(797,1111,'1047','10','85000'),
(798,1111,'1044','6','45000'),
(799,1111,'1039','10','3650000'),
(800,1111,'1025','2','120000'),
(801,1111,'1157','12','78000'),
(802,1111,'1124','2','18000'),
(803,1111,'1114','4','120000'),
(804,1111,'1092','6','27000'),
(805,1111,'1063','24','60000'),
(806,1113,'1007','2','88800'),
(807,1113,'1006','2','78000'),
(808,1113,'1028','2','40000'),
(809,1113,'1122','1','50000'),
(810,1113,'1100','2','30000'),
(811,1113,'1090','2','30000'),
(812,1114,'1023','60','255000'),
(813,1114,'1024','45','360000'),
(814,1114,'1020','1','4500'),
(815,1114,'1018','48','48000'),
(816,1114,'1019','4','48000'),
(817,1114,'1012','2','15000'),
(818,1114,'1017','48','48000'),
(819,1114,'1011','75','187500'),
(820,1114,'1008','13','123500'),
(821,1114,'1006','50','1950000'),
(822,1114,'1060','2','13000'),
(823,1114,'1061','1','13500'),
(824,1114,'1057','5','30000'),
(825,1114,'1053','1','16000'),
(826,1114,'1056','1','30000'),
(827,1114,'1047','10','85000'),
(828,1114,'1034','10','10000'),
(829,1114,'1036','3','28500'),
(830,1114,'1037','1','12000'),
(831,1114,'1033','5','25000'),
(832,1114,'1026','12','168000'),
(833,1114,'1144','3','23250'),
(834,1114,'1138','2','15500'),
(835,1114,'1112','5','125000'),
(836,1114,'1113','2','30000'),
(837,1114,'1072','10','120000'),
(838,1114,'1078','4','100000'),
(839,1114,'1062','5','80000'),
(840,1114,'1171','2','120000'),
(841,1115,'1172','1','150000'),
(842,1116,'1007','1','44400'),
(843,1116,'1006','1','39000'),
(844,1116,'1004','3','10500'),
(845,1116,'1039','6','2190000'),
(846,1116,'1025','5','300000'),
(847,1116,'1124','2','18000'),
(848,1116,'1114','2','60000'),
(849,1116,'1063','24','60000'),
(850,1116,'1067','1','12500'),
(851,1116,'1171','1','35000'),
(852,1117,'1153','1','75000'),
(853,1118,'1007','4','178000'),
(854,1118,'1006','20','780000'),
(855,1118,'1002','1','30000'),
(856,1118,'1141','1','22500'),
(857,1118,'1143','1','21000'),
(858,1119,'1021','1','75000'),
(859,1119,'1006','10','390000'),
(860,1119,'1007','20','880000'),
(861,1119,'1002','5','147500'),
(862,1119,'1001','10','555000'),
(863,1119,'1048','10','150000'),
(864,1119,'1047','5','42500'),
(865,1119,'1161','6','174000'),
(866,1119,'1162','3','48000'),
(867,1119,'1159','1','31000'),
(868,1119,'1169','20','60000'),
(869,1119,'1128','1','28000'),
(870,1119,'1066','10','60000'),
(871,1120,'1014','1','15000'),
(872,1120,'1002','10','290000'),
(873,1120,'1001','10','550000'),
(874,1120,'1048','10','150000'),
(875,1120,'1047','5','42500'),
(876,1120,'1033','6','33000'),
(877,1120,'1114','2','60000'),
(878,1120,'1094','3','12000'),
(879,1120,'1076','5','75000'),
(880,1120,'1062','1','15000'),
(881,1120,'1173','5','67500'),
(882,1121,'1114','1','30000'),
(883,1122,'1019','5','7500'),
(884,1122,'1006','2','78000'),
(885,1122,'1007','1','44400'),
(886,1122,'1055','10','30000'),
(887,1122,'1151','1','35000'),
(888,1122,'1145','2','6000'),
(889,1122,'1118','10','200000'),
(890,1122,'1100','1','15000'),
(891,1122,'1102','1','280000'),
(892,1122,'1090','4','60000'),
(893,1122,'1068','12','30000'),
(894,1122,'1174','2','24000'),
(895,1122,'1175','5','62500'),
(896,1122,'1176','1','55000'),
(897,1123,'1176','2','110000'),
(898,1124,'1006','25','975000'),
(899,1125,'1021','1','74998.25'),
(900,1125,'1023','39','165746.14'),
(901,1125,'1024','40','319992.54'),
(902,1125,'1020','10','44998.95'),
(903,1125,'1018','10','9999.77'),
(904,1125,'1019','7','83998.04'),
(905,1125,'1011','125','281243.45'),
(906,1125,'1008','10','94997.79'),
(907,1125,'1009','3','74998.25'),
(908,1125,'1006','40','1559963.66'),
(909,1125,'1001','41','23071.46'),
(910,1125,'1056','1','27499.36'),
(911,1125,'1048','5','72498.31'),
(912,1125,'1036','3','28499.34'),
(913,1125,'1032','10','9999.77'),
(914,1125,'1033','3','14999.65'),
(915,1125,'1026','10','129996.97'),
(916,1125,'1143','1','24999.42'),
(917,1125,'1072','4','47998.88'),
(918,1126,'1021','8','600000'),
(919,1126,'1006','15','585000'),
(920,1126,'1007','15','666000'),
(921,1126,'1053','5','80000'),
(922,1126,'1048','12','180000'),
(923,1126,'1049','5','8750'),
(924,1126,'1047','12','102000'),
(925,1126,'1047','12','102000'),
(926,1126,'1041','6','15000'),
(927,1126,'1044','5','37500'),
(928,1126,'1039','4','1440000'),
(929,1126,'1038','5','17500'),
(930,1126,'1180','6','36000'),
(931,1126,'1181','1','18000'),
(932,1126,'1177','2','7000'),
(933,1127,'1006','10','390000'),
(934,1128,'1046','5','402000'),
(935,1129,'1028','2','40000'),
(936,1129,'1103','1','383000'),
(937,1130,'1021','2','150000'),
(938,1130,'1009','2','50000'),
(939,1130,'1006','5','195000'),
(940,1130,'1007','10','440000'),
(941,1130,'1002','3','88500'),
(942,1130,'1001','6','333000'),
(943,1130,'1048','15','225000'),
(944,1130,'1047','10','85000'),
(945,1130,'1161','9','261000'),
(946,1130,'1163','12','90000'),
(947,1130,'1169','20','60000'),
(948,1131,'1019','2','24000'),
(949,1131,'1050','1','30000'),
(950,1131,'1048','10','150000'),
(951,1131,'1039','2','720000'),
(952,1131,'1033','3','16500'),
(953,1131,'1025','2','120000'),
(954,1131,'1152','12','69000'),
(955,1131,'1137','12','66000'),
(956,1131,'1124','3','27000'),
(957,1131,'1114','2','60000'),
(958,1131,'1182','3','285000'),
(959,1132,'1001','12','672000'),
(960,1133,'1025','4','260000'),
(961,1134,'1046','5','402000'),
(962,1135,'1154','1','450000'),
(963,1136,'1012','2','15000'),
(964,1136,'1038','2','8000'),
(965,1136,'1031','2','35000'),
(966,1136,'1028','1','20000'),
(967,1136,'1100','1','15000'),
(968,1136,'1183','5','17500'),
(969,1136,'1188','5','35000'),
(970,1137,'1006','25','975000'),
(971,1140,'1023','60','255000'),
(972,1140,'1018','40','40000'),
(973,1140,'1019','4','48000'),
(974,1140,'1011','100','225000'),
(975,1140,'1008','13','123500'),
(976,1140,'1006','30','1170000'),
(977,1140,'1053','5','80000'),
(978,1140,'1047','2','17000'),
(979,1140,'1048','2','29000'),
(980,1140,'1033','5','25000'),
(981,1140,'1036','3','28500'),
(982,1140,'1032','40','40000'),
(983,1140,'1024','35','280000'),
(984,1140,'1026','15','195000'),
(985,1140,'1144','2','15500'),
(986,1140,'1138','3','23250'),
(987,1140,'1113','2','30000'),
(988,1140,'1098','3','90000'),
(989,1140,'1089','1','17500'),
(990,1140,'1078','2','50000'),
(991,1140,'1062','2','32000'),
(992,1141,'1184','64','903894.09'),
(993,1141,'1185','288','598105.93'),
(994,1142,'1006','20','780000'),
(995,1143,'1006','1','39000'),
(996,1143,'1007','1','44400'),
(997,1143,'1057','1','6000'),
(998,1143,'1055','10','30000'),
(999,1143,'1040','1','12000'),
(1000,1143,'1041','1','2500'),
(1001,1143,'1028','2','40000'),
(1002,1143,'1122','1','50000'),
(1003,1143,'1100','2','30000'),
(1004,1143,'1090','1','15000'),
(1005,1143,'1062','1','16000'),
(1006,1143,'1187','1','26000'),
(1007,1139,'1014','1','15000'),
(1008,1139,'1015','6','46500'),
(1009,1139,'1007','2','88800'),
(1010,1139,'1001','10','550000'),
(1011,1139,'1057','24','144000'),
(1012,1139,'1053','5','80000'),
(1013,1139,'1047','10','85000'),
(1014,1139,'1048','10','150000'),
(1015,1139,'1045','24','168000'),
(1016,1139,'1044','3','22500'),
(1017,1139,'1039','5','1800000'),
(1018,1139,'1034','6','6000'),
(1019,1139,'1037','3','31500'),
(1020,1139,'1139','3','45000'),
(1021,1139,'1124','6','54000'),
(1022,1139,'1127','3','75000'),
(1023,1139,'1094','6','24000'),
(1024,1139,'1092','2','9000'),
(1025,1139,'1062','1','15000'),
(1026,1139,'1186','2','120000'),
(1027,1144,'1006','25','975000'),
(1028,1146,'1015','6','44100'),
(1029,1146,'1001A','10','48500'),
(1030,1146,'1046','5','402000'),
(1031,1147,'1103','2','720000'),
(1032,1145,'1048','10','150000'),
(1033,1145,'1045','12','84000'),
(1034,1145,'1039','6','2160000'),
(1035,1145,'1131','4','52000'),
(1036,1145,'1114','1','30000'),
(1037,1145,'1190','1','80000'),
(1038,1145,'1191','2','54000'),
(1039,1148,'1021','2','150000'),
(1040,1148,'1006','5','195000'),
(1041,1148,'1007','20','880000'),
(1042,1148,'1002','2','59000'),
(1043,1148,'1001','6','333000'),
(1044,1148,'1060','6','39000'),
(1045,1148,'1057','24','144000'),
(1046,1148,'1048','10','150000'),
(1047,1148,'1045','24','168000'),
(1048,1148,'1034','12','9600'),
(1049,1148,'1165','12','72000'),
(1050,1148,'1157','3','19500'),
(1051,1148,'1158','3','19500'),
(1052,1148,'1168','1','82500'),
(1053,1148,'1110','1','84000'),
(1054,1149,'1154','4','1805256.06'),
(1055,1149,'1192','192','2184743.94'),
(1056,1150,'1006','25','975000'),
(1057,1156,'99','10','180'),
(1058,1157,'1001','10','40'),
(1059,1158,'1001','10','40'),
(1060,1159,'1019','10','85000'),
(1067,1162,'1025','5','175000'),
(1068,1162,'1025','5','175000'),
(1069,1162,'1033','4','15772'),
(1070,1163,'1023','13','45500'),
(1071,1163,'1026','12','150000'),
(1072,1163,'1009','15','337500');

/*Table structure for table `transaksi_temp` */

DROP TABLE IF EXISTS `transaksi_temp`;

CREATE TABLE `transaksi_temp` (
  `id` int(11) NOT NULL AUTO_INCREMENT,
  `tgl_trans` date NOT NULL,
  `kode_item` varchar(100) NOT NULL,
  `nama_barang` varchar(100) NOT NULL,
  `unit` varchar(100) NOT NULL,
  `quantity` int(100) NOT NULL,
  `amount` int(100) NOT NULL,
  PRIMARY KEY (`id`)
) ENGINE=InnoDB DEFAULT CHARSET=latin1;

/*Data for the table `transaksi_temp` */

/*!40101 SET SQL_MODE=@OLD_SQL_MODE */;
/*!40014 SET FOREIGN_KEY_CHECKS=@OLD_FOREIGN_KEY_CHECKS */;
/*!40014 SET UNIQUE_CHECKS=@OLD_UNIQUE_CHECKS */;
/*!40111 SET SQL_NOTES=@OLD_SQL_NOTES */;
